{
  "val_features": 269,
  "unet": {
    "precision": 0.9823243130268571,
    "recall": 0.9929678068410414,
    "f1": 0.9876173846915829,
    "iou_pos": 0.9755376769194227,
    "acc": 0.9884308491990386,
    "TP": 197402,
    "FP": 3552,
    "FN": 1398,
    "TN": 225510,
    "valid_pixels": 427862
  },
  "rf": {
    "precision": 0.9803697218131842,
    "recall": 0.991297786720317,
    "f1": 0.9858034695960117,
    "iou_pos": 0.9720043798644562,
    "acc": 0.9867340404148979,
    "TP": 197070,
    "FP": 3946,
    "FN": 1730,
    "TN": 225116,
    "valid_pixels": 427862
  }
}