{
  "mask_area_ha": 12206811.313855367,
  "unet_1_area_ha": 6137283.170319553,
  "unet_0_area_ha": 6069528.143535803,
  "rf_1_area_ha": 6266127.084917851,
  "rf_0_area_ha": 5940684.228937526,
  "agreement_pixels": {
    "TP": 62315338,
    "FP": 8199519,
    "FN": 9670770,
    "TN": 60071853
  }
}